{
    "accuracy": 0.5183478690143163,
    "precision": 0.5186875271621034,
    "recall": 0.7702484672474992,
    "f1_score": 0.619919490975198
}