{
    "accuracy": 0.9695573473753497,
    "f1_score": 0.9701275633780074,
    "precision": 0.9709114414996768,
    "recall": 0.9693449499838658
}