{
    "accuracy": 0.9650248028648893,
    "f1_score": 0.9663874174200967,
    "precision": 0.9634118774162382,
    "recall": 0.9693127449840692
}