{
    "accuracy": 0.9685742512710864,
    "f1_score": 0.9691841982172583,
    "precision": 0.9691852724209395,
    "recall": 0.9691869915554584
}