{
    "accuracy": 0.9608334628993349,
    "f1_score": 0.9619135708787654,
    "precision": 0.9541295582542390,
    "recall": 0.9698231160918885
}