{
    "accuracy": 0.9620701003784762,
    "f1_score": 0.9633166229012493,
    "precision": 0.9503846757732768,
    "recall": 0.9766053565666344
}