{
    "accuracy": 0.9665185229101574,
    "f1_score": 0.9669364087916740,
    "precision": 0.9738154751596161,
    "recall": 0.9601450493722859
}