{
    "0.4 Threshold": {
        "accuracy": 0.9703169800223976,
        "f1_score": 0.9708988153163736,
        "precision": 0.973212482394207,
        "recall": 0.968681334314864
    },

    "0.3 Threshold": {
        "accuracy": 0.9684285478010035,
        "f1_score": 0.9694425082408847,
        "precision": 0.9701571389210186,
        "recall": 0.9687427246380819
    },

    "0.2 Threshold": {
        "accuracy": 0.9671558068406524,
        "f1_score": 0.9687263821893391,
        "precision": 0.969339839917897,
        "recall": 0.9681471706854911
    }
}

