{
    "0.4 Threshold": {
        "accuracy": 0.9691136988198684,
        "f1_score": 0.969765411897275,
        "precision": 0.9710445782676021,
        "recall": 0.9683785490164615
    },

    "0.3 Threshold": {
        "accuracy": 0.9678473264638537,
        "f1_score": 0.968997328009647,
        "precision": 0.9694511131011500,
        "recall": 0.9683597904922272
    },

    "0.2 Threshold": {
        "accuracy": 0.966746023045673,
        "f1_score": 0.9682238483521668,
        "precision": 0.9674142953608521,
        "recall": 0.9690468760146401
    }
}

