{
    "0.4 Threshold": {
        "accuracy": 0.9708574231602615,
        "f1_score": 0.9713333092988317,
        "precision": 0.973818225366307,
        "recall": 0.9691262566276157
    },

    "0.3 Threshold": {
        "accuracy": 0.9694578526180885,
        "f1_score": 0.9700184803318027,
        "precision": 0.9715174065104538,
        "recall": 0.9685368249984172
    },

    "0.2 Threshold": {
        "accuracy": 0.967733157577731,
        "f1_score": 0.968255681842040,
        "precision": 0.9697253460983982,
        "recall": 0.9666916735129449
    }
}

