{
    "avg_inference_time": 342.6636147260666,
    "throughput": 35.46918749957212
}