{
    "avg_inference_time": 64.7409832239151,
    "throughput": 187.73270646761438
}