{
    "avg_inference_time": 65.61395218372346,
    "throughput": 185.23499340457326
}