{
    "avg_inference_time": 65.58778860569001,
    "throughput": 185.3088853638464
}