{
    "avg_inference_time": 65.28915650844574,
    "throughput": 186.1564867732327
}