{
    "avg_inference_time": 71.72937405109406,
    "throughput": 169.4424377848676
}